{"type": "metrics", "dataset": "train", "precision": 0.7047955974842768, "balanced_accuracy": 0.6665964307559082, "recall": 0.37947089947089946, "f1_score": 0.493327830513138}
{"type": "metrics", "dataset": "test", "precision": 0.6734130634774609, "balanced_accuracy": 0.6669297502925939, "recall": 0.38405036726128017, "f1_score": 0.48914132976946206}
{"type": "cm_matrix", "dataset": "train", "true_0": {"predicted_0": 15477, "predicted_1": 751}, "true_1": {"predicted_0": 2932, "predicted_1": 1793}}
{"type": "cm_matrix", "dataset": "test", "true_0": {"predicted_0": 6718, "predicted_1": 355}, "true_1": {"predicted_0": 1174, "predicted_1": 732}}
